YEAR,REGION,SPECIES_CD,density,var,n,nm,N,NM,protected_status
1994,FLA KEYS,ANC LYOL,0.0,0.0,10,54,16020.0,3626186.2234057435,0
1994,FLA KEYS,ATH STIP,0.0,0.0,10,54,16020.0,3626186.2234057435,0
1994,FLA KEYS,CHR ATHE,0.0,0.0,10,54,16020.0,3626186.2234057435,0
1994,FLA KEYS,HAR HUME,0.0,0.0,10,54,16020.0,3626186.2234057435,0
1994,FLA KEYS,HAR JAGU,0.0,0.0,10,54,16020.0,3626186.2234057435,0
1994,FLA KEYS,HEM BRAS,0.6823160262861878,0.46562688543902797,10,54,16020.0,3626186.2234057435,0
1994,FLA KEYS,HYP HARR,0.0,0.0,10,54,16020.0,3626186.2234057435,0
1994,FLA KEYS,INE VITT,0.0,0.0,10,54,16020.0,3626186.2234057435,0
1994,FLA KEYS,JEN SPE.,0.0,0.0,10,54,16020.0,3626186.2234057435,0
1994,FLA KEYS,SAR AURI,0.0,0.0,10,54,16020.0,3626186.2234057435,0
1995,FLA KEYS,ANC LYOL,0.0,0.0,36,154,16891.0,3823340.2933549574,0
1995,FLA KEYS,ATH STIP,0.0,0.0,36,154,16891.0,3823340.2933549574,0
1995,FLA KEYS,CHR ATHE,0.0,0.0,36,154,16891.0,3823340.2933549574,0
1995,FLA KEYS,HAR HUME,0.0,0.0,36,154,16891.0,3823340.2933549574,0
1995,FLA KEYS,HAR JAGU,0.0,0.0,36,154,16891.0,3823340.2933549574,0
1995,FLA KEYS,HEM BRAS,0.001361027120413776,1.8541087219078168e-6,36,154,16891.0,3823340.2933549574,0
1995,FLA KEYS,HYP HARR,0.0,0.0,36,154,16891.0,3823340.2933549574,0
1995,FLA KEYS,INE VITT,0.006823160262861879,4.655110082830413e-5,36,154,16891.0,3823340.2933549574,0
1995,FLA KEYS,JEN SPE.,0.06948186500610869,0.00483219634617824,36,154,16891.0,3823340.2933549574,0
1995,FLA KEYS,SAR AURI,0.0,0.0,36,154,16891.0,3823340.2933549574,0
1996,FLA KEYS,ANC LYOL,0.0,0.0,13,72,16891.0,3823340.293354957,0
1996,FLA KEYS,ATH STIP,0.0,0.0,13,72,16891.0,3823340.293354957,0
1996,FLA KEYS,CHR ATHE,0.0,0.0,13,72,16891.0,3823340.293354957,0
1996,FLA KEYS,HAR HUME,0.0,0.0,13,72,16891.0,3823340.293354957,0
1996,FLA KEYS,HAR JAGU,0.0,0.0,13,72,16891.0,3823340.293354957,0
1996,FLA KEYS,HEM BRAS,0.03948946924397609,0.001558852468414481,13,72,16891.0,3823340.293354957,0
1996,FLA KEYS,HYP HARR,0.0,0.0,13,72,16891.0,3823340.293354957,0
1996,FLA KEYS,INE VITT,0.0,0.0,13,72,16891.0,3823340.293354957,0
1996,FLA KEYS,JEN SPE.,0.0,0.0,13,72,16891.0,3823340.293354957,0
1996,FLA KEYS,SAR AURI,0.0,0.0,13,72,16891.0,3823340.293354957,0
1997,FLA KEYS,ANC LYOL,0.0,0.0,31,194,16891.0,3823340.2933549574,0
1997,FLA KEYS,ATH STIP,0.0,0.0,31,194,16891.0,3823340.2933549574,0
1997,FLA KEYS,CHR ATHE,0.0,0.0,31,194,16891.0,3823340.2933549574,0
1997,FLA KEYS,HAR HUME,0.0,0.0,31,194,16891.0,3823340.2933549574,0
1997,FLA KEYS,HAR JAGU,0.0,0.0,31,194,16891.0,3823340.2933549574,0
1997,FLA KEYS,HEM BRAS,0.24821033883922408,0.04055551435666044,31,194,16891.0,3823340.2933549574,0
1997,FLA KEYS,HYP HARR,0.0,0.0,31,194,16891.0,3823340.2933549574,0
1997,FLA KEYS,INE VITT,0.02151774613699603,2.0529880504762876e-4,31,194,16891.0,3823340.2933549574,0
1997,FLA KEYS,JEN SPE.,0.0,0.0,31,194,16891.0,3823340.2933549574,0
1997,FLA KEYS,SAR AURI,0.0,0.0,31,194,16891.0,3823340.2933549574,0
1998,FLA KEYS,ANC LYOL,0.0,0.0,40,243,16145.0,3654480.4355109693,0
1998,FLA KEYS,ATH STIP,0.0,0.0,40,243,16145.0,3654480.4355109693,0
1998,FLA KEYS,CHR ATHE,0.0,0.0,40,243,16145.0,3654480.4355109693,0
1998,FLA KEYS,HAR HUME,0.0,0.0,40,243,16145.0,3654480.4355109693,0
1998,FLA KEYS,HAR JAGU,0.0,0.0,40,243,16145.0,3654480.4355109693,0
1998,FLA KEYS,HEM BRAS,0.009577268504180862,9.171752027058457e-5,40,243,16145.0,3654480.4355109693,0
1998,FLA KEYS,HYP HARR,0.0,0.0,40,243,16145.0,3654480.4355109693,0
1998,FLA KEYS,INE VITT,1.9772732686947615e-4,1.7951525057474886e-8,40,243,16145.0,3654480.4355109693,0
1998,FLA KEYS,JEN SPE.,0.0,0.0,40,243,16145.0,3654480.4355109693,0
1998,FLA KEYS,SAR AURI,0.0,0.0,40,243,16145.0,3654480.4355109693,0
1999,FLA KEYS,ANC LYOL,0.0,0.0,104,279,16145.0,3654480.4355109693,0
1999,FLA KEYS,ATH STIP,0.0,0.0,104,279,16145.0,3654480.4355109693,0
1999,FLA KEYS,CHR ATHE,0.0,0.0,104,279,16145.0,3654480.4355109693,0
1999,FLA KEYS,HAR HUME,0.0,0.0,104,279,16145.0,3654480.4355109693,0
1999,FLA KEYS,HAR JAGU,0.0,0.0,104,279,16145.0,3654480.4355109693,0
1999,FLA KEYS,HEM BRAS,0.0,0.0,104,279,16145.0,3654480.4355109693,0
1999,FLA KEYS,HYP HARR,0.0,0.0,104,279,16145.0,3654480.4355109693,0
1999,FLA KEYS,INE VITT,0.01118663283583171,1.245516871867924e-4,104,279,16145.0,3654480.4355109693,0
1999,FLA KEYS,JEN SPE.,0.0,0.0,104,279,16145.0,3654480.4355109693,0
1999,FLA KEYS,SAR AURI,0.0,0.0,104,279,16145.0,3654480.4355109693,0
2000,FLA KEYS,ANC LYOL,0.0,0.0,152,344,16145.0,3654480.4355109693,0
2000,FLA KEYS,ATH STIP,0.0022985444410034066,5.280355604750816e-6,152,344,16145.0,3654480.4355109693,0
2000,FLA KEYS,CHR ATHE,0.0,0.0,152,344,16145.0,3654480.4355109693,0
2000,FLA KEYS,HAR HUME,0.0,0.0,152,344,16145.0,3654480.4355109693,0
2000,FLA KEYS,HAR JAGU,0.34591577123457906,0.11956342648006087,152,344,16145.0,3654480.4355109693,0
2000,FLA KEYS,HEM BRAS,0.0,0.0,152,344,16145.0,3654480.4355109693,0
2000,FLA KEYS,HYP HARR,0.0,0.0,152,344,16145.0,3654480.4355109693,0
2000,FLA KEYS,INE VITT,0.0,0.0,152,344,16145.0,3654480.4355109693,0
2000,FLA KEYS,JEN SPE.,0.0,0.0,152,344,16145.0,3654480.4355109693,0
2000,FLA KEYS,SAR AURI,0.0,0.0,152,344,16145.0,3654480.4355109693,0
2001,FLA KEYS,ANC LYOL,0.0,0.0,207,499,16145.0,3654480.4355109693,0
2001,FLA KEYS,ATH STIP,7.83740558719908,14.991942250436333,207,499,16145.0,3654480.4355109693,0
2001,FLA KEYS,CHR ATHE,0.0,0.0,207,499,16145.0,3654480.4355109693,0
2001,FLA KEYS,HAR HUME,0.0,0.0,207,499,16145.0,3654480.4355109693,0
2001,FLA KEYS,HAR JAGU,0.0,0.0,207,499,16145.0,3654480.4355109693,0
2001,FLA KEYS,HEM BRAS,0.0,0.0,207,499,16145.0,3654480.4355109693,0
2001,FLA KEYS,HYP HARR,0.023253702971988765,5.338000030730123e-4,207,499,16145.0,3654480.4355109693,0
2001,FLA KEYS,INE VITT,0.011971585630226078,1.4336150483775604e-4,207,499,16145.0,3654480.4355109693,0
2001,FLA KEYS,JEN SPE.,7.451997522452771e-4,5.552207137424932e-7,207,499,16145.0,3654480.4355109693,0
2001,FLA KEYS,SAR AURI,0.0,0.0,207,499,16145.0,3654480.4355109693,0
2002,FLA KEYS,ANC LYOL,8.50501108014177,36.146041719775745,275,516,16145.0,3654480.4355109693,0
2002,FLA KEYS,ATH STIP,2.9659099030421423,7.878098820525499,275,516,16145.0,3654480.4355109693,0
2002,FLA KEYS,CHR ATHE,0.0,0.0,275,516,16145.0,3654480.4355109693,0
2002,FLA KEYS,HAR HUME,0.0,0.0,275,516,16145.0,3654480.4355109693,0
2002,FLA KEYS,HAR JAGU,0.0,0.0,275,516,16145.0,3654480.4355109693,0
2002,FLA KEYS,HEM BRAS,0.013320945597192112,1.7795354134476885e-4,275,516,16145.0,3654480.4355109693,0
2002,FLA KEYS,HYP HARR,0.2783720450087746,0.06481559614564932,275,516,16145.0,3654480.4355109693,0
2002,FLA KEYS,INE VITT,0.19188286707270913,0.027003934629743463,275,516,16145.0,3654480.4355109693,0
2002,FLA KEYS,JEN SPE.,0.5670111145521489,0.07105736113152743,275,516,16145.0,3654480.4355109693,0
2002,FLA KEYS,SAR AURI,0.0,0.0,275,516,16145.0,3654480.4355109693,0
2003,FLA KEYS,ANC LYOL,0.0,0.0,158,295,16145.0,3654480.4355109693,0
2003,FLA KEYS,ATH STIP,20.389202444681807,413.88499333514875,158,295,16145.0,3654480.4355109693,0
2003,FLA KEYS,CHR ATHE,0.0,0.0,158,295,16145.0,3654480.4355109693,0
2003,FLA KEYS,HAR HUME,0.0,0.0,158,295,16145.0,3654480.4355109693,0
2003,FLA KEYS,HAR JAGU,0.0,0.0,158,295,16145.0,3654480.4355109693,0
2003,FLA KEYS,HEM BRAS,0.12529731417544984,0.006113635698993737,158,295,16145.0,3654480.4355109693,0
2003,FLA KEYS,HYP HARR,23.840711817161292,229.48399709937232,158,295,16145.0,3654480.4355109693,0
2003,FLA KEYS,INE VITT,0.27452594302127553,0.04488895652881712,158,295,16145.0,3654480.4355109693,0
2003,FLA KEYS,JEN SPE.,37.988643330301514,982.2440351610527,158,295,16145.0,3654480.4355109693,0
2003,FLA KEYS,SAR AURI,2.2101388855801987,4.904193627561671,158,295,16145.0,3654480.4355109693,0
2004,FLA KEYS,ANC LYOL,10.447929277288212,108.83566070544325,90,170,16145.0,3654480.4355109693,0
2004,FLA KEYS,ATH STIP,0.9141938117627185,0.8361037409127318,90,170,16145.0,3654480.4355109693,0
2004,FLA KEYS,CHR ATHE,0.0,0.0,90,170,16145.0,3654480.4355109693,0
2004,FLA KEYS,HAR HUME,0.0,0.0,90,170,16145.0,3654480.4355109693,0
2004,FLA KEYS,HAR JAGU,1.053784359544657,1.0884374405986024,90,170,16145.0,3654480.4355109693,0
2004,FLA KEYS,HEM BRAS,0.14486769209593614,0.021002910387805183,90,170,16145.0,3654480.4355109693,0
2004,FLA KEYS,HYP HARR,105.37840798099393,10881.453501632719,90,170,16145.0,3654480.4355109693,0
2004,FLA KEYS,INE VITT,0.07685160921456989,0.0020701630063620835,90,170,16145.0,3654480.4355109693,0
2004,FLA KEYS,JEN SPE.,52.239646386441066,2730.134664204839,90,170,16145.0,3654480.4355109693,0
2004,FLA KEYS,SAR AURI,8.991431815835656e-4,8.083354416975884e-7,90,170,16145.0,3654480.4355109693,0
2005,FLA KEYS,ANC LYOL,0.0,0.0,187,363,16145.0,3654480.4355109693,0
2005,FLA KEYS,ATH STIP,3.128818691717422,2.915449146887467,187,363,16145.0,3654480.4355109693,0
2005,FLA KEYS,CHR ATHE,0.0,0.0,187,363,16145.0,3654480.4355109693,0
2005,FLA KEYS,HAR HUME,0.0,0.0,187,363,16145.0,3654480.4355109693,0
2005,FLA KEYS,HAR JAGU,0.0,0.0,187,363,16145.0,3654480.4355109693,0
2005,FLA KEYS,HEM BRAS,0.21793331268710642,0.019448403883897254,187,363,16145.0,3654480.4355109693,0
2005,FLA KEYS,HYP HARR,0.0,0.0,187,363,16145.0,3654480.4355109693,0
2005,FLA KEYS,INE VITT,0.0,0.0,187,363,16145.0,3654480.4355109693,0
2005,FLA KEYS,JEN SPE.,0.62604005368019,0.20030077736594323,187,363,16145.0,3654480.4355109693,0
2005,FLA KEYS,SAR AURI,0.0,0.0,187,363,16145.0,3654480.4355109693,0
2006,FLA KEYS,ANC LYOL,0.0,0.0,231,415,16145.0,3654480.4355109693,0
2006,FLA KEYS,ATH STIP,0.0,0.0,231,415,16145.0,3654480.4355109693,0
2006,FLA KEYS,CHR ATHE,0.0,0.0,231,415,16145.0,3654480.4355109693,0
2006,FLA KEYS,HAR HUME,0.0,0.0,231,415,16145.0,3654480.4355109693,0
2006,FLA KEYS,HAR JAGU,0.0,0.0,231,415,16145.0,3654480.4355109693,0
2006,FLA KEYS,HEM BRAS,0.0,0.0,231,415,16145.0,3654480.4355109693,0
2006,FLA KEYS,HYP HARR,0.0,0.0,231,415,16145.0,3654480.4355109693,0
2006,FLA KEYS,INE VITT,1.1893701426064387,1.422809428937971,231,415,16145.0,3654480.4355109693,0
2006,FLA KEYS,JEN SPE.,0.0,0.0,231,415,16145.0,3654480.4355109693,0
2006,FLA KEYS,SAR AURI,0.0,0.0,231,415,16145.0,3654480.4355109693,0
2007,FLA KEYS,ANC LYOL,0.0,0.0,242,468,16145.0,3654480.4355109693,0
2007,FLA KEYS,ATH STIP,0.028731805512542584,8.277284462898883e-4,242,468,16145.0,3654480.4355109693,0
2007,FLA KEYS,CHR ATHE,0.0,0.0,242,468,16145.0,3654480.4355109693,0
2007,FLA KEYS,HAR HUME,0.0,0.0,242,468,16145.0,3654480.4355109693,0
2007,FLA KEYS,HAR JAGU,0.0,0.0,242,468,16145.0,3654480.4355109693,0
2007,FLA KEYS,HEM BRAS,0.0,0.0,242,468,16145.0,3654480.4355109693,0
2007,FLA KEYS,HYP HARR,0.0,0.0,242,468,16145.0,3654480.4355109693,0
2007,FLA KEYS,INE VITT,0.04803225575910618,0.002308424230285589,242,468,16145.0,3654480.4355109693,0
2007,FLA KEYS,JEN SPE.,1.3441051051766444,1.16182437393379,242,468,16145.0,3654480.4355109693,0
2007,FLA KEYS,SAR AURI,0.0,0.0,242,468,16145.0,3654480.4355109693,0
2008,FLA KEYS,ANC LYOL,0.9013899768640811,0.8134564662237199,289,568,16145.0,3654480.4355109693,0
2008,FLA KEYS,ATH STIP,0.0,0.0,289,568,16145.0,3654480.4355109693,0
2008,FLA KEYS,CHR ATHE,0.004506949884320406,2.0336411655593e-5,289,568,16145.0,3654480.4355109693,0
2008,FLA KEYS,HAR HUME,0.0,0.0,289,568,16145.0,3654480.4355109693,0
2008,FLA KEYS,HAR JAGU,0.0,0.0,289,568,16145.0,3654480.4355109693,0
2008,FLA KEYS,HEM BRAS,0.11729637658717869,0.005794522247168007,289,568,16145.0,3654480.4355109693,0
2008,FLA KEYS,HYP HARR,0.0,0.0,289,568,16145.0,3654480.4355109693,0
2008,FLA KEYS,INE VITT,0.3233221960382072,0.08865669741239024,289,568,16145.0,3654480.4355109693,0
2008,FLA KEYS,JEN SPE.,0.0,0.0,289,568,16145.0,3654480.4355109693,0
2008,FLA KEYS,SAR AURI,0.0,0.0,289,568,16145.0,3654480.4355109693,0
2009,FLA KEYS,ANC LYOL,0.9171107640295083,0.7826486800089097,406,792,16145.0,3654480.4355109693,0
2009,FLA KEYS,ATH STIP,0.5647829701227364,0.18583573836852296,406,792,16145.0,3654480.4355109693,0
2009,FLA KEYS,CHR ATHE,0.0,0.0,406,792,16145.0,3654480.4355109693,0
2009,FLA KEYS,HAR HUME,0.054325384535976046,0.002959908573448891,406,792,16145.0,3654480.4355109693,0
2009,FLA KEYS,HAR JAGU,0.06790673066997006,0.004624857146013892,406,792,16145.0,3654480.4355109693,0
2009,FLA KEYS,HEM BRAS,0.10834814031508419,0.00900547405153553,406,792,16145.0,3654480.4355109693,0
2009,FLA KEYS,HYP HARR,2.446934442796368,4.360899705635443,406,792,16145.0,3654480.4355109693,0
2009,FLA KEYS,INE VITT,0.0,0.0,406,792,16145.0,3654480.4355109693,0
2009,FLA KEYS,JEN SPE.,1.0699693390676883,0.3935323799677515,406,792,16145.0,3654480.4355109693,0
2009,FLA KEYS,SAR AURI,0.004420277771160398,1.9543826256105465e-5,406,792,16145.0,3654480.4355109693,0
2010,FLA KEYS,ANC LYOL,0.0,0.0,279,546,16145.0,3654480.4355109693,0
2010,FLA KEYS,ATH STIP,0.0,0.0,279,546,16145.0,3654480.4355109693,0
2010,FLA KEYS,CHR ATHE,0.0,0.0,279,546,16145.0,3654480.4355109693,0
2010,FLA KEYS,HAR HUME,0.0,0.0,279,546,16145.0,3654480.4355109693,0
2010,FLA KEYS,HAR JAGU,0.17790918240941467,0.031647904293138324,279,546,16145.0,3654480.4355109693,0
2010,FLA KEYS,HEM BRAS,0.02803102976833423,7.863313291035555e-4,279,546,16145.0,3654480.4355109693,0
2010,FLA KEYS,HYP HARR,0.08612680343012141,0.007437829436130683,279,546,16145.0,3654480.4355109693,0
2010,FLA KEYS,INE VITT,0.0,0.0,279,546,16145.0,3654480.4355109693,0
2010,FLA KEYS,JEN SPE.,2.3965869195299847,1.797698755369904,279,546,16145.0,3654480.4355109693,0
2010,FLA KEYS,SAR AURI,0.0,0.0,279,546,16145.0,3654480.4355109693,0
2011,FLA KEYS,ANC LYOL,0.0039155751135795,7.676941076082195e-6,312,613,16145.0,3654480.4355109693,0
2011,FLA KEYS,ATH STIP,0.4232211894857978,0.16236693835737692,312,613,16145.0,3654480.4355109693,0
2011,FLA KEYS,CHR ATHE,0.0,0.0,312,613,16145.0,3654480.4355109693,0
2011,FLA KEYS,HAR HUME,0.0,0.0,312,613,16145.0,3654480.4355109693,0
2011,FLA KEYS,HAR JAGU,0.0,0.0,312,613,16145.0,3654480.4355109693,0
2011,FLA KEYS,HEM BRAS,0.0,0.0,312,613,16145.0,3654480.4355109693,0
2011,FLA KEYS,HYP HARR,1.6347387626338563,1.1145270148665687,312,613,16145.0,3654480.4355109693,0
2011,FLA KEYS,INE VITT,0.5633639504891896,0.23070070897272948,312,613,16145.0,3654480.4355109693,0
2011,FLA KEYS,JEN SPE.,12.631191810884268,60.06780467811326,312,613,16145.0,3654480.4355109693,0
2011,FLA KEYS,SAR AURI,0.007611968912681209,5.8040842216887404e-5,312,613,16145.0,3654480.4355109693,0
2012,FLA KEYS,ANC LYOL,0.0,0.0,302,587,16145.0,3654480.4355109693,0
2012,FLA KEYS,ATH STIP,1.987199339320739,3.948417443509159,302,587,16145.0,3654480.4355109693,0
2012,FLA KEYS,CHR ATHE,0.0,0.0,302,587,16145.0,3654480.4355109693,0
2012,FLA KEYS,HAR HUME,0.0,0.0,302,587,16145.0,3654480.4355109693,0
2012,FLA KEYS,HAR JAGU,0.0,0.0,302,587,16145.0,3654480.4355109693,0
2012,FLA KEYS,HEM BRAS,0.3003430593287625,0.02775309392842454,302,587,16145.0,3654480.4355109693,0
2012,FLA KEYS,HYP HARR,0.0,0.0,302,587,16145.0,3654480.4355109693,0
2012,FLA KEYS,INE VITT,0.3531342545325464,0.09694521649148516,302,587,16145.0,3654480.4355109693,0
2012,FLA KEYS,JEN SPE.,4.332889226287199,9.032628675254864,302,587,16145.0,3654480.4355109693,0
2012,FLA KEYS,SAR AURI,0.0,0.0,302,587,16145.0,3654480.4355109693,0
2014,FLA KEYS,ATH STIP,0.0,0.0,313,622,64574.0,3654140.9049657066,0
2014,FLA KEYS,HAR HUME,0.8395240897486382,0.7047087988865168,313,622,64574.0,3654140.9049657066,0
2014,FLA KEYS,HAR JAGU,0.002154795273639545,4.642723139213291e-6,313,622,64574.0,3654140.9049657066,0
2014,FLA KEYS,HEM BRAS,0.06804184843059886,0.002308973012637192,313,622,64574.0,3654140.9049657066,0
2014,FLA KEYS,INE VITT,0.3320350420970009,0.09904766996136506,313,622,64574.0,3654140.9049657066,0
2014,FLA KEYS,JEN SPE.,0.08057772178356014,0.006491942332653555,313,622,64574.0,3654140.9049657066,0
2016,FLA KEYS,ATH STIP,0.0,0.0,300,595,64574.0,3654140.9049657066,0
2016,FLA KEYS,HAR JAGU,0.08576299596575306,0.007354117972794704,300,595,64574.0,3654140.9049657066,0
2016,FLA KEYS,HEM BRAS,0.0760565525532586,0.004612641005513303,300,595,64574.0,3654140.9049657066,0
2016,FLA KEYS,INE VITT,0.06709920246482724,0.0035350596693955218,300,595,64574.0,3654140.9049657066,0
2016,FLA KEYS,JEN SPE.,0.028435493362453875,8.08483902152432e-4,300,595,64574.0,3654140.9049657066,0
1998,FLA KEYS,ANC LYOL,0.0,0.0,35,218,747.0,169086.21154082962,1
1998,FLA KEYS,ATH STIP,0.0,0.0,35,218,747.0,169086.21154082962,1
1998,FLA KEYS,CHR ATHE,0.0,0.0,35,218,747.0,169086.21154082962,1
1998,FLA KEYS,HAR HUME,0.0,0.0,35,218,747.0,169086.21154082962,1
1998,FLA KEYS,HAR JAGU,0.0,0.0,35,218,747.0,169086.21154082962,1
1998,FLA KEYS,HEM BRAS,0.0,0.0,35,218,747.0,169086.21154082962,1
1998,FLA KEYS,HYP HARR,0.0,0.0,35,218,747.0,169086.21154082962,1
1998,FLA KEYS,INE VITT,0.05590543994158453,0.0014986647038479726,35,218,747.0,169086.21154082962,1
1998,FLA KEYS,JEN SPE.,0.0,0.0,35,218,747.0,169086.21154082962,1
1998,FLA KEYS,SAR AURI,0.0,0.0,35,218,747.0,169086.21154082962,1
1999,FLA KEYS,ANC LYOL,0.0,0.0,57,161,748.0,169312.56523767143,1
1999,FLA KEYS,ATH STIP,0.0,0.0,57,161,748.0,169312.56523767143,1
1999,FLA KEYS,CHR ATHE,0.0,0.0,57,161,748.0,169312.56523767143,1
1999,FLA KEYS,HAR HUME,0.0,0.0,57,161,748.0,169312.56523767143,1
1999,FLA KEYS,HAR JAGU,0.0,0.0,57,161,748.0,169312.56523767143,1
1999,FLA KEYS,HEM BRAS,0.0,0.0,57,161,748.0,169312.56523767143,1
1999,FLA KEYS,HYP HARR,0.0,0.0,57,161,748.0,169312.56523767143,1
1999,FLA KEYS,INE VITT,0.0,0.0,57,161,748.0,169312.56523767143,1
1999,FLA KEYS,JEN SPE.,0.0,0.0,57,161,748.0,169312.56523767143,1
1999,FLA KEYS,SAR AURI,0.0,0.0,57,161,748.0,169312.56523767143,1
2000,FLA KEYS,ANC LYOL,8.723262032085563,33.59041414053876,76,183,748.0,169312.56523767143,1
2000,FLA KEYS,ATH STIP,0.0,0.0,76,183,748.0,169312.56523767143,1
2000,FLA KEYS,CHR ATHE,0.0,0.0,76,183,748.0,169312.56523767143,1
2000,FLA KEYS,HAR HUME,0.0,0.0,76,183,748.0,169312.56523767143,1
2000,FLA KEYS,HAR JAGU,0.49132607588489935,0.22704281150899905,76,183,748.0,169312.56523767143,1
2000,FLA KEYS,HEM BRAS,0.0,0.0,76,183,748.0,169312.56523767143,1
2000,FLA KEYS,HYP HARR,0.0,0.0,76,183,748.0,169312.56523767143,1
2000,FLA KEYS,INE VITT,0.011697860962566845,1.42737384387675e-4,76,183,748.0,169312.56523767143,1
2000,FLA KEYS,JEN SPE.,0.0,0.0,76,183,748.0,169312.56523767143,1
2000,FLA KEYS,SAR AURI,0.0,0.0,76,183,748.0,169312.56523767143,1
2001,FLA KEYS,ANC LYOL,0.0,0.0,98,243,748.0,169312.56523767143,1
2001,FLA KEYS,ATH STIP,100.31476070294481,9191.19286952472,98,243,748.0,169312.56523767143,1
2001,FLA KEYS,CHR ATHE,0.0,0.0,98,243,748.0,169312.56523767143,1
2001,FLA KEYS,HAR HUME,0.0,0.0,98,243,748.0,169312.56523767143,1
2001,FLA KEYS,HAR JAGU,0.0,0.0,98,243,748.0,169312.56523767143,1
2001,FLA KEYS,HEM BRAS,0.0054812834224598934,2.8621922510446694e-5,98,243,748.0,169312.56523767143,1
2001,FLA KEYS,HYP HARR,103.4887359198999,9731.406113983881,98,243,748.0,169312.56523767143,1
2001,FLA KEYS,INE VITT,0.0010453407668676756,1.2424398949165835e-6,98,243,748.0,169312.56523767143,1
2001,FLA KEYS,JEN SPE.,0.0,0.0,98,243,748.0,169312.56523767143,1
2001,FLA KEYS,SAR AURI,0.0,0.0,98,243,748.0,169312.56523767143,1
2002,FLA KEYS,ANC LYOL,0.0,0.0,81,153,748.0,169312.56523767143,1
2002,FLA KEYS,ATH STIP,3.648567316163666,13.659465244654205,81,153,748.0,169312.56523767143,1
2002,FLA KEYS,CHR ATHE,0.0,0.0,81,153,748.0,169312.56523767143,1
2002,FLA KEYS,HAR HUME,0.0,0.0,81,153,748.0,169312.56523767143,1
2002,FLA KEYS,HAR JAGU,0.0,0.0,81,153,748.0,169312.56523767143,1
2002,FLA KEYS,HEM BRAS,0.0,0.0,81,153,748.0,169312.56523767143,1
2002,FLA KEYS,HYP HARR,38.990920231729056,1517.9890798208362,81,153,748.0,169312.56523767143,1
2002,FLA KEYS,INE VITT,0.0,0.0,81,153,748.0,169312.56523767143,1
2002,FLA KEYS,JEN SPE.,67.90329768270945,3475.1797721211683,81,153,748.0,169312.56523767143,1
2002,FLA KEYS,SAR AURI,0.0,0.0,81,153,748.0,169312.56523767143,1
2003,FLA KEYS,ANC LYOL,0.0,0.0,79,139,748.0,169312.56523767143,1
2003,FLA KEYS,ATH STIP,0.0,0.0,79,139,748.0,169312.56523767143,1
2003,FLA KEYS,CHR ATHE,0.0,0.0,79,139,748.0,169312.56523767143,1
2003,FLA KEYS,HAR HUME,0.0,0.0,79,139,748.0,169312.56523767143,1
2003,FLA KEYS,HAR JAGU,0.0,0.0,79,139,748.0,169312.56523767143,1
2003,FLA KEYS,HEM BRAS,0.09135472370766488,0.008971036169904287,79,139,748.0,169312.56523767143,1
2003,FLA KEYS,HYP HARR,0.6929590017825312,0.3824386388974345,79,139,748.0,169312.56523767143,1
2003,FLA KEYS,INE VITT,2.452969824293354,5.239252523653591,79,139,748.0,169312.56523767143,1
2003,FLA KEYS,JEN SPE.,0.0,0.0,79,139,748.0,169312.56523767143,1
2003,FLA KEYS,SAR AURI,0.0,0.0,79,139,748.0,169312.56523767143,1
2004,FLA KEYS,ANC LYOL,0.0,0.0,37,74,626.0,141697.414222971,1
2004,FLA KEYS,ATH STIP,0.0,0.0,37,74,626.0,141697.414222971,1
2004,FLA KEYS,CHR ATHE,0.0,0.0,37,74,626.0,141697.414222971,1
2004,FLA KEYS,HAR HUME,0.0,0.0,37,74,626.0,141697.414222971,1
2004,FLA KEYS,HAR JAGU,0.01768716577540107,2.915328408803905e-4,37,74,626.0,141697.414222971,1
2004,FLA KEYS,HEM BRAS,0.00196524064171123,3.856367192134826e-6,37,74,626.0,141697.414222971,1
2004,FLA KEYS,HYP HARR,0.0,0.0,37,74,626.0,141697.414222971,1
2004,FLA KEYS,INE VITT,0.6016042780748664,0.3618566430588129,37,74,626.0,141697.414222971,1
2004,FLA KEYS,JEN SPE.,0.0,0.0,37,74,626.0,141697.414222971,1
2004,FLA KEYS,SAR AURI,0.0,0.0,37,74,626.0,141697.414222971,1
2005,FLA KEYS,ANC LYOL,0.0,0.0,69,135,748.0,169312.56523767143,1
2005,FLA KEYS,ATH STIP,0.0,0.0,69,135,748.0,169312.56523767143,1
2005,FLA KEYS,CHR ATHE,0.0,0.0,69,135,748.0,169312.56523767143,1
2005,FLA KEYS,HAR HUME,0.0,0.0,69,135,748.0,169312.56523767143,1
2005,FLA KEYS,HAR JAGU,0.0,0.0,69,135,748.0,169312.56523767143,1
2005,FLA KEYS,HEM BRAS,0.21933489304812837,0.04831474142526183,69,135,748.0,169312.56523767143,1
2005,FLA KEYS,HYP HARR,0.0,0.0,69,135,748.0,169312.56523767143,1
2005,FLA KEYS,INE VITT,0.0,0.0,69,135,748.0,169312.56523767143,1
2005,FLA KEYS,JEN SPE.,0.0,0.0,69,135,748.0,169312.56523767143,1
2005,FLA KEYS,SAR AURI,0.0,0.0,69,135,748.0,169312.56523767143,1
2006,FLA KEYS,ANC LYOL,0.003634692513368984,1.3833003818563448e-5,97,178,748.0,169312.56523767143,1
2006,FLA KEYS,ATH STIP,16.980765913403484,294.5094884153549,97,178,748.0,169312.56523767143,1
2006,FLA KEYS,CHR ATHE,0.0,0.0,97,178,748.0,169312.56523767143,1
2006,FLA KEYS,HAR HUME,0.0,0.0,97,178,748.0,169312.56523767143,1
2006,FLA KEYS,HAR JAGU,0.0,0.0,97,178,748.0,169312.56523767143,1
2006,FLA KEYS,HEM BRAS,0.24416626154594065,0.030193773013307296,97,178,748.0,169312.56523767143,1
2006,FLA KEYS,HYP HARR,0.0,0.0,97,178,748.0,169312.56523767143,1
2006,FLA KEYS,INE VITT,0.0,0.0,97,178,748.0,169312.56523767143,1
2006,FLA KEYS,JEN SPE.,1.0188459548042093,1.0602341582952775,97,178,748.0,169312.56523767143,1
2006,FLA KEYS,SAR AURI,0.0,0.0,97,178,748.0,169312.56523767143,1
2007,FLA KEYS,ANC LYOL,0.0,0.0,75,146,748.0,169312.56523767143,1
2007,FLA KEYS,ATH STIP,0.0,0.0,75,146,748.0,169312.56523767143,1
2007,FLA KEYS,CHR ATHE,0.02377307227876488,5.764995566615737e-4,75,146,748.0,169312.56523767143,1
2007,FLA KEYS,HAR HUME,0.0,0.0,75,146,748.0,169312.56523767143,1
2007,FLA KEYS,HAR JAGU,0.004754614455752976,2.305998226646295e-5,75,146,748.0,169312.56523767143,1
2007,FLA KEYS,HEM BRAS,0.0,0.0,75,146,748.0,169312.56523767143,1
2007,FLA KEYS,HYP HARR,0.0,0.0,75,146,748.0,169312.56523767143,1
2007,FLA KEYS,INE VITT,0.0,0.0,75,146,748.0,169312.56523767143,1
2007,FLA KEYS,JEN SPE.,0.2491492464754497,0.06200177030448895,75,146,748.0,169312.56523767143,1
2007,FLA KEYS,SAR AURI,0.0,0.0,75,146,748.0,169312.56523767143,1
2008,FLA KEYS,ANC LYOL,0.0,0.0,87,167,748.0,169312.56523767143,1
2008,FLA KEYS,ATH STIP,0.0,0.0,87,167,748.0,169312.56523767143,1
2008,FLA KEYS,CHR ATHE,0.0,0.0,87,167,748.0,169312.56523767143,1
2008,FLA KEYS,HAR HUME,0.0,0.0,87,167,748.0,169312.56523767143,1
2008,FLA KEYS,HAR JAGU,0.0,0.0,87,167,748.0,169312.56523767143,1
2008,FLA KEYS,HEM BRAS,0.0,0.0,87,167,748.0,169312.56523767143,1
2008,FLA KEYS,HYP HARR,0.0,0.0,87,167,748.0,169312.56523767143,1
2008,FLA KEYS,INE VITT,0.0,0.0,87,167,748.0,169312.56523767143,1
2008,FLA KEYS,JEN SPE.,0.0,0.0,87,167,748.0,169312.56523767143,1
2008,FLA KEYS,SAR AURI,0.0,0.0,87,167,748.0,169312.56523767143,1
2009,FLA KEYS,ANC LYOL,2.5066844919786098,6.4896502405889285,110,213,748.0,169312.56523767143,1
2009,FLA KEYS,ATH STIP,0.0,0.0,110,213,748.0,169312.56523767143,1
2009,FLA KEYS,CHR ATHE,0.0,0.0,110,213,748.0,169312.56523767143,1
2009,FLA KEYS,HAR HUME,0.0,0.0,110,213,748.0,169312.56523767143,1
2009,FLA KEYS,HAR JAGU,0.0,0.0,110,213,748.0,169312.56523767143,1
2009,FLA KEYS,HEM BRAS,0.10929144385026739,0.0075133220509940885,110,213,748.0,169312.56523767143,1
2009,FLA KEYS,HYP HARR,0.25066844919786097,0.0648965024058893,110,213,748.0,169312.56523767143,1
2009,FLA KEYS,INE VITT,0.0,0.0,110,213,748.0,169312.56523767143,1
2009,FLA KEYS,JEN SPE.,0.0,0.0,110,213,748.0,169312.56523767143,1
2009,FLA KEYS,SAR AURI,0.0,0.0,110,213,748.0,169312.56523767143,1
2010,FLA KEYS,ANC LYOL,0.0,0.0,100,194,748.0,169312.56523767143,1
2010,FLA KEYS,ATH STIP,0.0,0.0,100,194,748.0,169312.56523767143,1
2010,FLA KEYS,CHR ATHE,0.0,0.0,100,194,748.0,169312.56523767143,1
2010,FLA KEYS,HAR HUME,0.0,0.0,100,194,748.0,169312.56523767143,1
2010,FLA KEYS,HAR JAGU,0.0,0.0,100,194,748.0,169312.56523767143,1
2010,FLA KEYS,HEM BRAS,0.17129010695187163,0.032227450736035966,100,194,748.0,169312.56523767143,1
2010,FLA KEYS,HYP HARR,0.0,0.0,100,194,748.0,169312.56523767143,1
2010,FLA KEYS,INE VITT,0.0,0.0,100,194,748.0,169312.56523767143,1
2010,FLA KEYS,JEN SPE.,1.4739304812834226,2.202586349745004,100,194,748.0,169312.56523767143,1
2010,FLA KEYS,SAR AURI,0.0,0.0,100,194,748.0,169312.56523767143,1
2011,FLA KEYS,ANC LYOL,0.0,0.0,90,176,748.0,169312.56523767143,1
2011,FLA KEYS,ATH STIP,3.3381700795617584,10.142215857467226,90,176,748.0,169312.56523767143,1
2011,FLA KEYS,CHR ATHE,0.0,0.0,90,176,748.0,169312.56523767143,1
2011,FLA KEYS,HAR HUME,0.0,0.0,90,176,748.0,169312.56523767143,1
2011,FLA KEYS,HAR JAGU,1.4538770053475936,2.112040958481921,90,176,748.0,169312.56523767143,1
2011,FLA KEYS,HEM BRAS,0.029018559295375904,8.759713833926954e-4,90,176,748.0,169312.56523767143,1
2011,FLA KEYS,HYP HARR,29.577518368766576,680.4240760376235,90,176,748.0,169312.56523767143,1
2011,FLA KEYS,INE VITT,0.0,0.0,90,176,748.0,169312.56523767143,1
2011,FLA KEYS,JEN SPE.,1.9247260988652668,2.188865086130524,90,176,748.0,169312.56523767143,1
2011,FLA KEYS,SAR AURI,0.0,0.0,90,176,748.0,169312.56523767143,1
2012,FLA KEYS,ANC LYOL,3.8992869875222813,15.192923956102772,114,216,748.0,169312.56523767143,1
2012,FLA KEYS,ATH STIP,0.0,0.0,114,216,748.0,169312.56523767143,1
2012,FLA KEYS,CHR ATHE,0.0,0.0,114,216,748.0,169312.56523767143,1
2012,FLA KEYS,HAR HUME,0.0,0.0,114,216,748.0,169312.56523767143,1
2012,FLA KEYS,HAR JAGU,0.0,0.0,114,216,748.0,169312.56523767143,1
2012,FLA KEYS,HEM BRAS,0.07027906610971711,0.0035790635548350056,114,216,748.0,169312.56523767143,1
2012,FLA KEYS,HYP HARR,2.420179301667191,5.476065045224105,114,216,748.0,169312.56523767143,1
2012,FLA KEYS,INE VITT,0.04896779007586121,0.002418951910132904,114,216,748.0,169312.56523767143,1
2012,FLA KEYS,JEN SPE.,0.0,0.0,114,216,748.0,169312.56523767143,1
2012,FLA KEYS,SAR AURI,0.0,0.0,114,216,748.0,169312.56523767143,1
2014,FLA KEYS,ATH STIP,9.755281287752638,95.05589416271764,119,238,2988.0,169086.21154082962,1
2014,FLA KEYS,HAR HUME,0.49770510613884106,0.24753376273257496,119,238,2988.0,169086.21154082962,1
2014,FLA KEYS,HAR JAGU,0.0,0.0,119,238,2988.0,169086.21154082962,1
2014,FLA KEYS,HEM BRAS,0.18479647757697454,0.011241944924207601,119,238,2988.0,169086.21154082962,1
2014,FLA KEYS,INE VITT,0.0,0.0,119,238,2988.0,169086.21154082962,1
2014,FLA KEYS,JEN SPE.,11.54494332342922,84.86130814031566,119,238,2988.0,169086.21154082962,1
2016,FLA KEYS,ATH STIP,5.898594377510039,34.77597306566895,105,202,2988.0,169086.21154082962,1
2016,FLA KEYS,HAR JAGU,82.58032128514056,6722.778832868286,105,202,2988.0,169086.21154082962,1
2016,FLA KEYS,HEM BRAS,0.7943195340283694,0.2980575620602441,105,202,2988.0,169086.21154082962,1
2016,FLA KEYS,INE VITT,0.2901945023495743,0.07839774781973886,105,202,2988.0,169086.21154082962,1
2016,FLA KEYS,JEN SPE.,0.0,0.0,105,202,2988.0,169086.21154082962,1
1994,FLA KEYS,ANC LYOL,0.0,0.0,10,54,16020.0,3626186.2234057435,all
1994,FLA KEYS,ATH STIP,0.0,0.0,10,54,16020.0,3626186.2234057435,all
1994,FLA KEYS,CHR ATHE,0.0,0.0,10,54,16020.0,3626186.2234057435,all
1994,FLA KEYS,HAR HUME,0.0,0.0,10,54,16020.0,3626186.2234057435,all
1994,FLA KEYS,HAR JAGU,0.0,0.0,10,54,16020.0,3626186.2234057435,all
1994,FLA KEYS,HEM BRAS,0.6823160262861878,0.46562688543902797,10,54,16020.0,3626186.2234057435,all
1994,FLA KEYS,HYP HARR,0.0,0.0,10,54,16020.0,3626186.2234057435,all
1994,FLA KEYS,INE VITT,0.0,0.0,10,54,16020.0,3626186.2234057435,all
1994,FLA KEYS,JEN SPE.,0.0,0.0,10,54,16020.0,3626186.2234057435,all
1994,FLA KEYS,SAR AURI,0.0,0.0,10,54,16020.0,3626186.2234057435,all
1995,FLA KEYS,ANC LYOL,0.0,0.0,36,154,16891.0,3823340.2933549574,all
1995,FLA KEYS,ATH STIP,0.0,0.0,36,154,16891.0,3823340.2933549574,all
1995,FLA KEYS,CHR ATHE,0.0,0.0,36,154,16891.0,3823340.2933549574,all
1995,FLA KEYS,HAR HUME,0.0,0.0,36,154,16891.0,3823340.2933549574,all
1995,FLA KEYS,HAR JAGU,0.0,0.0,36,154,16891.0,3823340.2933549574,all
1995,FLA KEYS,HEM BRAS,0.001361027120413776,1.8541087219078168e-6,36,154,16891.0,3823340.2933549574,all
1995,FLA KEYS,HYP HARR,0.0,0.0,36,154,16891.0,3823340.2933549574,all
1995,FLA KEYS,INE VITT,0.006823160262861879,4.655110082830413e-5,36,154,16891.0,3823340.2933549574,all
1995,FLA KEYS,JEN SPE.,0.06948186500610869,0.00483219634617824,36,154,16891.0,3823340.2933549574,all
1995,FLA KEYS,SAR AURI,0.0,0.0,36,154,16891.0,3823340.2933549574,all
1996,FLA KEYS,ANC LYOL,0.0,0.0,13,72,16891.0,3823340.293354957,all
1996,FLA KEYS,ATH STIP,0.0,0.0,13,72,16891.0,3823340.293354957,all
1996,FLA KEYS,CHR ATHE,0.0,0.0,13,72,16891.0,3823340.293354957,all
1996,FLA KEYS,HAR HUME,0.0,0.0,13,72,16891.0,3823340.293354957,all
1996,FLA KEYS,HAR JAGU,0.0,0.0,13,72,16891.0,3823340.293354957,all
1996,FLA KEYS,HEM BRAS,0.03948946924397609,0.001558852468414481,13,72,16891.0,3823340.293354957,all
1996,FLA KEYS,HYP HARR,0.0,0.0,13,72,16891.0,3823340.293354957,all
1996,FLA KEYS,INE VITT,0.0,0.0,13,72,16891.0,3823340.293354957,all
1996,FLA KEYS,JEN SPE.,0.0,0.0,13,72,16891.0,3823340.293354957,all
1996,FLA KEYS,SAR AURI,0.0,0.0,13,72,16891.0,3823340.293354957,all
1997,FLA KEYS,ANC LYOL,0.0,0.0,31,194,16891.0,3823340.2933549574,all
1997,FLA KEYS,ATH STIP,0.0,0.0,31,194,16891.0,3823340.2933549574,all
1997,FLA KEYS,CHR ATHE,0.0,0.0,31,194,16891.0,3823340.2933549574,all
1997,FLA KEYS,HAR HUME,0.0,0.0,31,194,16891.0,3823340.2933549574,all
1997,FLA KEYS,HAR JAGU,0.0,0.0,31,194,16891.0,3823340.2933549574,all
1997,FLA KEYS,HEM BRAS,0.24821033883922408,0.04055551435666044,31,194,16891.0,3823340.2933549574,all
1997,FLA KEYS,HYP HARR,0.0,0.0,31,194,16891.0,3823340.2933549574,all
1997,FLA KEYS,INE VITT,0.02151774613699603,2.0529880504762876e-4,31,194,16891.0,3823340.2933549574,all
1997,FLA KEYS,JEN SPE.,0.0,0.0,31,194,16891.0,3823340.2933549574,all
1997,FLA KEYS,SAR AURI,0.0,0.0,31,194,16891.0,3823340.2933549574,all
1998,FLA KEYS,ANC LYOL,0.0,0.0,75,461,16892.0,3823566.6470517986,all
1998,FLA KEYS,ATH STIP,0.0,0.0,75,461,16892.0,3823566.6470517986,all
1998,FLA KEYS,CHR ATHE,0.0,0.0,75,461,16892.0,3823566.6470517986,all
1998,FLA KEYS,HAR HUME,0.0,0.0,75,461,16892.0,3823566.6470517986,all
1998,FLA KEYS,HAR JAGU,0.0,0.0,75,461,16892.0,3823566.6470517986,all
1998,FLA KEYS,HEM BRAS,0.009153741416054939,8.378499683166673e-5,75,461,16892.0,3823566.6470517986,all
1998,FLA KEYS,HYP HARR,0.0,0.0,75,461,16892.0,3823566.6470517986,all
1998,FLA KEYS,INE VITT,0.002661240310719354,2.9471810678633794e-6,75,461,16892.0,3823566.6470517986,all
1998,FLA KEYS,JEN SPE.,0.0,0.0,75,461,16892.0,3823566.6470517986,all
1998,FLA KEYS,SAR AURI,0.0,0.0,75,461,16892.0,3823566.6470517986,all
1999,FLA KEYS,ANC LYOL,0.0,0.0,161,440,16893.0,3823793.000748641,all
1999,FLA KEYS,ATH STIP,0.0,0.0,161,440,16893.0,3823793.000748641,all
1999,FLA KEYS,CHR ATHE,0.0,0.0,161,440,16893.0,3823793.000748641,all
1999,FLA KEYS,HAR HUME,0.0,0.0,161,440,16893.0,3823793.000748641,all
1999,FLA KEYS,HAR JAGU,0.0,0.0,161,440,16893.0,3823793.000748641,all
1999,FLA KEYS,HEM BRAS,0.0,0.0,161,440,16893.0,3823793.000748641,all
1999,FLA KEYS,HYP HARR,0.0,0.0,161,440,16893.0,3823793.000748641,all
1999,FLA KEYS,INE VITT,0.0106913033288642,1.1376591116431676e-4,161,440,16893.0,3823793.000748641,all
1999,FLA KEYS,JEN SPE.,0.0,0.0,161,440,16893.0,3823793.000748641,all
1999,FLA KEYS,SAR AURI,0.0,0.0,161,440,16893.0,3823793.000748641,all
2000,FLA KEYS,ANC LYOL,0.38625466169419287,0.0658574619998653,228,527,16893.0,3823793.000748641,all
2000,FLA KEYS,ATH STIP,0.002196767892026283,4.823093771063622e-6,228,527,16893.0,3823793.000748641,all
2000,FLA KEYS,CHR ATHE,0.0,0.0,228,527,16893.0,3823793.000748641,all
2000,FLA KEYS,HAR HUME,0.0,0.0,228,527,16893.0,3823793.000748641,all
2000,FLA KEYS,HAR JAGU,0.3523543498102281,0.10965475859674438,228,527,16893.0,3823793.000748641,all
2000,FLA KEYS,HEM BRAS,0.0,0.0,228,527,16893.0,3823793.000748641,all
2000,FLA KEYS,HYP HARR,0.0,0.0,228,527,16893.0,3823793.000748641,all
2000,FLA KEYS,INE VITT,5.179660214289942e-4,2.7985132392061363e-7,228,527,16893.0,3823793.000748641,all
2000,FLA KEYS,JEN SPE.,0.0,0.0,228,527,16893.0,3823793.000748641,all
2000,FLA KEYS,SAR AURI,0.0,0.0,228,527,16893.0,3823793.000748641,all
2001,FLA KEYS,ANC LYOL,0.0,0.0,305,742,16893.0,3823793.000748641,all
2001,FLA KEYS,ATH STIP,11.932182218145496,31.71396722688837,305,742,16893.0,3823793.000748641,all
2001,FLA KEYS,CHR ATHE,0.0,0.0,305,742,16893.0,3823793.000748641,all
2001,FLA KEYS,HAR HUME,0.0,0.0,305,742,16893.0,3823793.000748641,all
2001,FLA KEYS,HAR JAGU,0.0,0.0,305,742,16893.0,3823793.000748641,all
2001,FLA KEYS,HEM BRAS,2.4270407861244305e-4,5.6116223104851534e-8,305,742,16893.0,3823793.000748641,all
2001,FLA KEYS,HYP HARR,4.604570265942573,19.079910224074084,305,742,16893.0,3823793.000748641,all
2001,FLA KEYS,INE VITT,0.011487785762956077,1.3094929495926198e-4,305,742,16893.0,3823793.000748641,all
2001,FLA KEYS,JEN SPE.,7.122032794648671e-4,5.071403834256138e-7,305,742,16893.0,3823793.000748641,all
2001,FLA KEYS,SAR AURI,0.0,0.0,305,742,16893.0,3823793.000748641,all
2002,FLA KEYS,ANC LYOL,8.12842028585147,33.015910616020584,356,669,16893.0,3823793.000748641,all
2002,FLA KEYS,ATH STIP,2.9961370826440423,7.2226615554963995,356,669,16893.0,3823793.000748641,all
2002,FLA KEYS,CHR ATHE,0.0,0.0,356,669,16893.0,3823793.000748641,all
2002,FLA KEYS,HAR HUME,0.0,0.0,356,669,16893.0,3823793.000748641,all
2002,FLA KEYS,HAR JAGU,0.0,0.0,356,669,16893.0,3823793.000748641,all
2002,FLA KEYS,HEM BRAS,0.012731111505751888,1.6254333629092218e-4,356,669,16893.0,3823793.000748641,all
2002,FLA KEYS,HYP HARR,1.9925131711359734,3.035376503591222,356,669,16893.0,3823793.000748641,all
2002,FLA KEYS,INE VITT,0.18338654406493157,0.02466548063349063,356,669,16893.0,3823793.000748641,all
2002,FLA KEYS,JEN SPE.,3.5485740313213228,6.878351418765734,356,669,16893.0,3823793.000748641,all
2002,FLA KEYS,SAR AURI,0.0,0.0,356,669,16893.0,3823793.000748641,all
2003,FLA KEYS,ANC LYOL,0.0,0.0,237,434,16893.0,3823793.000748641,all
2003,FLA KEYS,ATH STIP,19.486395161865136,378.04388240357304,237,434,16893.0,3823793.000748641,all
2003,FLA KEYS,CHR ATHE,0.0,0.0,237,434,16893.0,3823793.000748641,all
2003,FLA KEYS,HAR HUME,0.0,0.0,237,434,16893.0,3823793.000748641,all
2003,FLA KEYS,HAR JAGU,0.0,0.0,237,434,16893.0,3823793.000748641,all
2003,FLA KEYS,HEM BRAS,0.12379438055383712,0.005601803124990459,237,434,16893.0,3823793.000748641,all
2003,FLA KEYS,HYP HARR,22.815759522962317,209.61216991482493,237,434,16893.0,3823793.000748641,all
2003,FLA KEYS,INE VITT,0.3709845959065839,0.05127381056384188,237,434,16893.0,3823793.000748641,all
2003,FLA KEYS,JEN SPE.,36.306555766750606,897.184856903825,237,434,16893.0,3823793.000748641,all
2003,FLA KEYS,SAR AURI,2.1122768192560413,4.479506212782582,237,434,16893.0,3823793.000748641,all
2004,FLA KEYS,ANC LYOL,9.985308600119469,99.41084209285727,127,244,16771.0,3796177.8497339403,all
2004,FLA KEYS,ATH STIP,0.8737145025104535,0.7636998427020696,127,244,16771.0,3796177.8497339403,all
2004,FLA KEYS,CHR ATHE,0.0,0.0,127,244,16771.0,3796177.8497339403,all
2004,FLA KEYS,HAR HUME,0.0,0.0,127,244,16771.0,3796177.8497339403,all
2004,FLA KEYS,HAR JAGU,1.0079073275823411,0.9941828261275942,127,244,16771.0,3796177.8497339403,all
2004,FLA KEYS,HEM BRAS,0.1385401579878582,0.019184133375075536,127,244,16771.0,3796177.8497339403,all
2004,FLA KEYS,HYP HARR,100.7123895609511,9939.154582055822,127,244,16771.0,3796177.8497339403,all
2004,FLA KEYS,INE VITT,0.10008697275612567,0.0026003507087773966,127,244,16771.0,3796177.8497339403,all
2004,FLA KEYS,JEN SPE.,49.92654300059735,2493.713772088391,127,244,16771.0,3796177.8497339403,all
2004,FLA KEYS,SAR AURI,8.593302945993409e-4,7.383361890009645e-7,127,244,16771.0,3796177.8497339403,all
2005,FLA KEYS,ANC LYOL,0.0,0.0,256,498,16893.0,3823793.000748641,all
2005,FLA KEYS,ATH STIP,2.990278682162894,2.6629806158423053,256,498,16893.0,3823793.000748641,all
2005,FLA KEYS,CHR ATHE,0.0,0.0,256,498,16893.0,3823793.000748641,all
2005,FLA KEYS,HAR HUME,0.0,0.0,256,498,16893.0,3823793.000748641,all
2005,FLA KEYS,HAR JAGU,0.0,0.0,256,498,16893.0,3823793.000748641,all
2005,FLA KEYS,HEM BRAS,0.21799537283687523,0.017858960600350172,256,498,16893.0,3823793.000748641,all
2005,FLA KEYS,HYP HARR,0.0,0.0,256,498,16893.0,3823793.000748641,all
2005,FLA KEYS,INE VITT,0.0,0.0,256,498,16893.0,3823793.000748641,all
2005,FLA KEYS,JEN SPE.,0.5983198168866788,0.18295537345698742,256,498,16893.0,3823793.000748641,all
2005,FLA KEYS,SAR AURI,0.0,0.0,256,498,16893.0,3823793.000748641,all
2006,FLA KEYS,ANC LYOL,1.6093944237258035e-4,2.71210268356168e-8,328,593,16893.0,3823793.000748641,all
2006,FLA KEYS,ATH STIP,0.7518861601388627,0.5774161449979347,328,593,16893.0,3823793.000748641,all
2006,FLA KEYS,CHR ATHE,0.0,0.0,328,593,16893.0,3823793.000748641,all
2006,FLA KEYS,HAR HUME,0.0,0.0,328,593,16893.0,3823793.000748641,all
2006,FLA KEYS,HAR JAGU,0.0,0.0,328,593,16893.0,3823793.000748641,all
2006,FLA KEYS,HEM BRAS,0.010811363501827008,5.919799769472419e-5,328,593,16893.0,3823793.000748641,all
2006,FLA KEYS,HYP HARR,0.0,0.0,328,593,16893.0,3823793.000748641,all
2006,FLA KEYS,INE VITT,1.136706384442133,1.299598702774329,328,593,16893.0,3823793.000748641,all
2006,FLA KEYS,JEN SPE.,0.04511316960833176,0.0020786981219925644,328,593,16893.0,3823793.000748641,all
2006,FLA KEYS,SAR AURI,0.0,0.0,328,593,16893.0,3823793.000748641,all
2007,FLA KEYS,ANC LYOL,0.0,0.0,317,614,16893.0,3823793.000748641,all
2007,FLA KEYS,ATH STIP,0.02745959865032854,7.560498216902433e-4,317,614,16893.0,3823793.000748641,all
2007,FLA KEYS,CHR ATHE,0.0010526406241944078,1.1302866790188919e-6,317,614,16893.0,3823793.000748641,all
2007,FLA KEYS,HAR HUME,0.0,0.0,317,614,16893.0,3823793.000748641,all
2007,FLA KEYS,HAR JAGU,2.1052812483888156e-4,4.5211467160755683e-8,317,614,16893.0,3823793.000748641,all
2007,FLA KEYS,HEM BRAS,0.0,0.0,317,614,16893.0,3823793.000748641,all
2007,FLA KEYS,HYP HARR,0.0,0.0,317,614,16893.0,3823793.000748641,all
2007,FLA KEYS,INE VITT,0.045905450140932294,0.0021085221071182334,317,614,16893.0,3823793.000748641,all
2007,FLA KEYS,JEN SPE.,1.295621888323007,1.0613356760392147,317,614,16893.0,3823793.000748641,all
2007,FLA KEYS,SAR AURI,0.0,0.0,317,614,16893.0,3823793.000748641,all
2008,FLA KEYS,ANC LYOL,0.8614776047161894,0.7430137492530102,376,735,16893.0,3823793.000748641,all
2008,FLA KEYS,ATH STIP,0.0,0.0,376,735,16893.0,3823793.000748641,all
2008,FLA KEYS,CHR ATHE,0.004307388023580948,1.8575343731325257e-5,376,735,16893.0,3823793.000748641,all
2008,FLA KEYS,HAR HUME,0.0,0.0,376,735,16893.0,3823793.000748641,all
2008,FLA KEYS,HAR JAGU,0.0,0.0,376,735,16893.0,3823793.000748641,all
2008,FLA KEYS,HEM BRAS,0.11210264606641804,0.00529273523386584,376,735,16893.0,3823793.000748641,all
2008,FLA KEYS,HYP HARR,0.0,0.0,376,735,16893.0,3823793.000748641,all
2008,FLA KEYS,INE VITT,0.30900591103041825,0.08097931220163546,376,735,16893.0,3823793.000748641,all
2008,FLA KEYS,JEN SPE.,0.0,0.0,376,735,16893.0,3823793.000748641,all
2008,FLA KEYS,SAR AURI,0.0,0.0,376,735,16893.0,3823793.000748641,all
2009,FLA KEYS,ANC LYOL,0.9874950148142078,0.7275974451786853,516,1005,16893.0,3823793.000748641,all
2009,FLA KEYS,ATH STIP,0.5397751170681098,0.16974296037180045,516,1005,16893.0,3823793.000748641,all
2009,FLA KEYS,CHR ATHE,0.0,0.0,516,1005,16893.0,3823793.000748641,all
2009,FLA KEYS,HAR HUME,0.051919927386096805,0.0027035899988771413,516,1005,16893.0,3823793.000748641,all
2009,FLA KEYS,HAR JAGU,0.06489990923262101,0.004224359373245533,516,1005,16893.0,3823793.000748641,all
2009,FLA KEYS,HEM BRAS,0.10838990856491058,0.008240359566965089,516,1005,16893.0,3823793.000748641,all
2009,FLA KEYS,HYP HARR,2.349686650029442,3.9833870355816283,516,1005,16893.0,3823793.000748641,all
2009,FLA KEYS,INE VITT,0.0,0.0,516,1005,16893.0,3823793.000748641,all
2009,FLA KEYS,JEN SPE.,1.02259249270395,0.3594537399766422,516,1005,16893.0,3823793.000748641,all
2009,FLA KEYS,SAR AURI,0.004224553638512083,1.7851393681471617e-5,516,1005,16893.0,3823793.000748641,all
2010,FLA KEYS,ANC LYOL,0.0,0.0,379,740,16893.0,3823793.000748641,all
2010,FLA KEYS,ATH STIP,0.0,0.0,379,740,16893.0,3823793.000748641,all
2010,FLA KEYS,CHR ATHE,0.0,0.0,379,740,16893.0,3823793.000748641,all
2010,FLA KEYS,HAR HUME,0.0,0.0,379,740,16893.0,3823793.000748641,all
2010,FLA KEYS,HAR JAGU,0.17003159592730716,0.028907297441505626,379,740,16893.0,3823793.000748641,all
2010,FLA KEYS,HEM BRAS,0.03437435479842278,7.814227939276867e-4,379,740,16893.0,3823793.000748641,all
2010,FLA KEYS,HYP HARR,0.08231322094236135,0.006793737298934898,379,740,16893.0,3823793.000748641,all
2010,FLA KEYS,INE VITT,0.0,0.0,379,740,16893.0,3823793.000748641,all
2010,FLA KEYS,JEN SPE.,2.355732896218055,1.646342214860259,379,740,16893.0,3823793.000748641,all
2010,FLA KEYS,SAR AURI,0.0,0.0,379,740,16893.0,3823793.000748641,all
2011,FLA KEYS,ANC LYOL,0.0037421985561321867,7.012142638946724e-6,402,789,16893.0,3823793.000748641,all
2011,FLA KEYS,ATH STIP,0.5522913232558102,0.16819134046160694,402,789,16893.0,3823793.000748641,all
2011,FLA KEYS,CHR ATHE,0.0,0.0,402,789,16893.0,3823793.000748641,all
2011,FLA KEYS,HAR HUME,0.0,0.0,402,789,16893.0,3823793.000748641,all
2011,FLA KEYS,HAR JAGU,0.06437577694903214,0.00414087354158329,402,789,16893.0,3823793.000748641,all
2011,FLA KEYS,HEM BRAS,0.0012849039455952868,1.7174319987061825e-6,402,789,16893.0,3823793.000748641,all
2011,FLA KEYS,HYP HARR,2.8720085871402956,2.3520539443200428,402,789,16893.0,3823793.000748641,all
2011,FLA KEYS,INE VITT,0.5384189297725666,0.21072276863801145,402,789,16893.0,3823793.000748641,all
2011,FLA KEYS,JEN SPE.,12.157123477693585,54.87041723936955,402,789,16893.0,3823793.000748641,all
2011,FLA KEYS,SAR AURI,0.007274920860429652,5.3014691721082795e-5,402,789,16893.0,3823793.000748641,all
2012,FLA KEYS,ANC LYOL,0.1726553404763314,0.029787290145325763,416,803,16893.0,3823793.000748641,all
2012,FLA KEYS,ATH STIP,1.8992087452396453,3.60649717610196,416,803,16893.0,3823793.000748641,all
2012,FLA KEYS,CHR ATHE,0.0,0.0,416,803,16893.0,3823793.000748641,all
2012,FLA KEYS,HAR HUME,0.0,0.0,416,803,16893.0,3823793.000748641,all
2012,FLA KEYS,HAR JAGU,0.0,0.0,416,803,16893.0,3823793.000748641,all
2012,FLA KEYS,HEM BRAS,0.290156125869469,0.025356782265611544,416,803,16893.0,3823793.000748641,all
2012,FLA KEYS,HYP HARR,0.10716238191245242,0.010736388783888114,416,803,16893.0,3823793.000748641,all
2012,FLA KEYS,INE VITT,0.33966616032704106,0.08855481475709029,416,803,16893.0,3823793.000748641,all
2012,FLA KEYS,JEN SPE.,4.141034544391573,8.250432046803084,416,803,16893.0,3823793.000748641,all
2012,FLA KEYS,SAR AURI,0.0,0.0,416,803,16893.0,3823793.000748641,all
2014,FLA KEYS,ATH STIP,0.4314375016696498,0.18592390964461303,432,860,67562.0,3823227.1165065365,all
2014,FLA KEYS,HAR HUME,0.82440678826221,0.6442383660356054,432,860,67562.0,3823227.1165065365,all
2014,FLA KEYS,HAR JAGU,0.0020594972025694915,4.241145483213871e-6,432,860,67562.0,3823227.1165065365,all
2014,FLA KEYS,HEM BRAS,0.07320544382282188,0.0021312443504078855,432,860,67562.0,3823227.1165065365,all
2014,FLA KEYS,INE VITT,0.31735044564062254,0.09048042829249633,432,860,67562.0,3823227.1165065365,all
2014,FLA KEYS,JEN SPE.,0.5876012619054811,0.17191429494401858,432,860,67562.0,3823227.1165065365,all
2016,FLA KEYS,ATH STIP,0.2608714958112548,0.06801982066463871,405,797,67562.0,3823227.1165065365,all
2016,FLA KEYS,HAR JAGU,3.734170979270781,13.156090132358697,405,797,67562.0,3823227.1165065365,all
2016,FLA KEYS,HEM BRAS,0.10782248293790725,0.0047966489366238095,405,797,67562.0,3823227.1165065365,all
2016,FLA KEYS,INE VITT,0.07696582506415267,0.0033826321591207626,405,797,67562.0,3823227.1165065365,all
2016,FLA KEYS,JEN SPE.,0.027177903975416605,7.385531609463877e-4,405,797,67562.0,3823227.1165065365,all
